station,day/mon/yr,lat,lon,bottle,depth (m),T(C),S,sigma_t,DOC (mg C/l),DOC (uM),TDN (mg N/l),TDN (uM),SiO2 (mg SiO2/l),SiO2 (uM),DON (mg N/l),DON (uM),NO3 (ug N/l),NO3 (uM),NH4 (ug N/l),NH4(uM),TDP (ug P/l),TDP (uM),PO4 (ug P/l),PO4 (uM),DOP (ug P/l),DOP (uM),P*,Si*,Diatoms (cells/l),Dinoflagellates (cells/l),Haptophytes (cells/l)
1,10/18/09,36.6102,143.5,0,0,23.76,34.192,23.102,1.05,87.29003682,0.12,8.657142857,0.43,7.236097163,0.03,2.427495073,0.013,0.900000001,75,5.329647783,24,0.766483722,5,0.164248211,18.65123378,0.602235511,5.030517092,6.392347162,640,1200,5760
1,10/18/09,36.6102,143.5,2,25,23.7155,34.218,23.1345,1.07,88.81160165,0.16,11.41428571,0.99,16.53846188,0.11,8.096301375,0.032,2.271428704,15,1.046555635,22,0.72464966,5,0.170499267,17.16203769,0.554150394,5.138397994,14.40899747,160,2000,17280
1,10/18/09,36.6102,143.5,4,48,21.8145,34.2195,23.678,0.93,77.81575981,0.22,15.77142857,0.88,14.60039989,0.02,1.669739337,0.132,9.442857334,65,4.658831901,25,0.792767196,16,0.526809196,8.23671926,0.265958,15.7251022,5.747721138,80,0,4320
1,10/18/09,36.6102,143.5,8,75,18.861,34.4675,24.6505,1.02,84.88596439,0.24,16.79285714,1.04,17.23443196,0.18,13.04924937,0.043,3.064285698,10,0.679322074,35,1.130493972,8,0.251762947,27.21429983,0.878731025,7.605580625,14.36166411,80,1920,2880
1,10/18/09,36.6102,143.5,10,150,13.8355,34.5205,25.8515,0.88,73.66695971,0.28,20.14285714,1.87,31.18714689,0.19,13.29330963,0.092,6.58571454,4,0.263832969,46,1.483774601,27,0.870617042,18.9894896,0.613157559,26.55140263,25.01303951,240,1440,2160
2,10/18/09,35.9347,143.5,0,0,22.969,34.088,23.253,1,83.01951153,0.13,9.314285714,0.56,9.373959763,0.05,3.523973023,0.012,0.828571418,69,4.961741273,12,0.378818223,4,0.132992947,7.613208787,0.245825276,4.067005851,8.597174059,80,1440,6480
2,10/18/09,35.9347,143.5,2,25,19.941,33.764,23.836,0.99,82.31959171,0.12,8.857142857,0.24,3.916083963,0.07,4.770203289,0.001,0.099999996,56,3.986939572,23,0.732318347,1,0.034844868,21.60075364,0.697473479,1.072895572,3.822333966,4080,80,15360
2,10/18/09,35.9347,143.5,4,50,17.672,33.432,24.152,1.03,85.37286513,0.15,10.47857143,0.53,8.807858546,0.04,3.076479582,0.007,0.471428569,97,6.930663278,11,0.369183094,3,0.089235586,8.669974331,0.279947508,2.73416181,8.365894263,160,1920,9840
2,10/18/09,35.9347,143.5,8,75,15.701,33.6965,24.8135,0.9,74.52917978,0.15,10.9,0.57,9.410588931,0.08,5.481011047,0.058,4.142857024,18,1.276131929,26,0.824962896,10,0.333026599,15.2352671,0.491936297,10.05490521,5.526660471,80,160,9600
2,10/18/09,35.9347,143.5,10,90,14.1105,33.9355,25.3425,1.22,101.4913086,0.35,25.22857143,0.79,13.18514784,0.17,11.96974517,0.109,7.785714098,77,5.473112159,31,0.990762055,19,0.620574988,11.46469346,0.370187067,18.73260024,5.88604087,480,1440,1440
3,10/18/09,35.8443,143.5,0,0,24.131,33.717,22.634,1.02,85.119271,0.13,8.964285714,0.61,10.09823559,0.02,1.522549237,0.012,0.85000002,92,6.591736457,4,0.131762994,4,0.123300178,0.262093416,0.008462816,3.765481504,9.301360572,80,1360,8640
3,10/18/09,35.8443,143.5,2,25,23.461,34.223,23.213,0.99,82.51232325,0.19,13.87142857,0.35,5.784215945,0.01,0.49684825,0.026,1.892857121,161,11.4817232,28,0.897019719,5,0.170499267,22.5003384,0.726520452,5.162058718,4.009662394,160,720,7920
3,10/18/09,35.8443,143.5,4,50,22.632,34.465,23.6345,0.99,82.33987924,0.19,13.41428571,0.31,5.203130203,0.1,7.138733671,0.026,1.857142896,62,4.418409148,13,0.415395559,5,0.176750308,7.39084342,0.238645251,5.357885602,3.462058739,240,800,6480
3,10/18/09,35.8443,143.5,8,75,20.9185,34.358,24.0285,0.81,67.7227131,0.14,10.25,0.49,8.088578056,0.01,0.807142926,0.053,3.799999931,79,5.642857143,18,0.590610289,14,0.445545544,4.492655144,0.145064745,13.5610455,4.526078121,80,800,5040
3,10/18/09,35.8443,143.5,10,110,15.607,34.0015,25.069,0.99,82.82677998,0.21,15.12857143,0.83,13.81618398,0.02,1.771428457,0.078,5.571428686,109,7.785714286,57,1.835521468,13,0.408039239,44.20912463,1.427482229,12.28876093,8.592969585,1760,0,720
4,10/18/09,35.7645,143.5,0,0,24.869,34.19,22.771,1.47,122.2860279,0.18,12.71428571,0.24,4.030969037,0.13,9.45832406,0.001,0.099999996,44,3.155961658,12,0.38172425,11,0.345528711,1.120975862,0.03619554,10.69477416,3.937219041,0,3040,7920
4,10/18/09,35.7645,143.5,2,40,23.997,34.2525,23.0785,0.97,80.62558286,0.16,11.11428571,0.43,7.094571859,0.13,8.960018878,0.025,1.778571467,5,0.375695369,4,0.119341297,3,0.107988746,0.351588523,0.011352552,3.23325074,5.427161108,240,2160,2880
4,10/18/09,35.7645,143.5,4,60,22.613,34.1905,23.4315,0.87,72.71344575,0.13,8.985714286,0.35,5.800865747,0.02,1.728571447,0.017,1.185714267,85,6.071428571,5,0.172063294,5,0.176750308,-0.145156832,-0.004687014,5.399849892,4.689258621,160,0,4800
4,10/18/09,35.7645,143.5,8,75,22.0785,34.4225,23.759,0.8,66.66776149,0.13,9.421428571,0.36,6.068930839,0.1,7.112442117,0.025,1.821428537,7,0.487557917,37,1.191821174,7,0.23300978,29.69438886,0.958811394,7.10247361,4.361341585,0,80,4320
4,10/18/09,35.7645,143.5,10,120,18.544,34.643,24.8645,0.43,35.79977578,0.09,6.658799324,0.3,4.960039815,0.05,3.545259227,0.04,2.829275857,4,0.28426424,NA,NA,10,0.322519675,NA,NA,9.811604583,2.307593699,0,80,1440
5,10/18/09,35.6807,143.5,0,0,25.235,34.192,22.661,1.5,124.7149537,0.16,11.4757727,0.25,4.232434424,0.04,2.694116184,0.003,0.219696311,120,8.561960206,NA,NA,10,0.322519675,NA,NA,9.974703304,4.026469132,80,3760,13680
5,10/18/09,35.6807,143.5,2,25,25.32,34.2605,22.687,2.55,212.6394333,0.07,5.314143518,0.27,4.523809437,0.07,4.701202248,0.004,0.296005172,4,0.316936098,NA,NA,1,0.021401365,NA,NA,0.644299942,4.246304589,960,1520,12240
5,10/18/09,35.6807,143.5,4,40,25.057,34.2655,22.7705,0.6,49.58699465,0.07,4.68641722,0.21,3.578088609,0.06,4.166034264,0.003,0.223626135,4,0.296756822,NA,NA,1,0.035088569,NA,NA,1.072716336,3.368439108,720,5920,10800
5,10/18/09,35.6807,143.5,8,80,21.623,34.7365,24.124,0.43,36.13000857,0.08,5.786590152,0.48,7.938727851,0.02,1.73463001,0.055,3.960200504,1,0.091759639,NA,NA,5,0.171960528,NA,NA,5.07810501,4.226039878,0,1520,2160
5,10/18/09,35.6807,143.5,10,100,20.2265,34.741,24.506,0.39,32.0949767,0.08,5.813020733,0.44,7.286047066,0.03,2.04258196,0.045,3.191171717,8,0.579267056,NA,NA,6,0.192491318,NA,NA,5.762007872,4.294323582,80,720,2160
6,10/18/09,35.5985,143.5,0,0,25.378,34.1365,22.569,0.68,56.43932498,0.08,5.912135412,0.15,2.489177448,0.06,4.362238354,0.014,0.970630002,8,0.579267056,NA,NA,17,0.553960818,NA,NA,17.09550217,1.579211821,80,4000,9600
6,10/18/09,35.5985,143.5,2,25,25.488,34.304,22.6685,0.63,52.32173492,0.12,8.413129134,0.65,10.84582134,0.1,6.960155261,0.017,1.236934341,3,0.216039532,NA,NA,4,0.117211744,NA,NA,3.552739316,9.686195395,480,1520,6480
6,10/18/09,35.5985,143.5,4,40,25.4155,34.417,22.776,0.77,63.90052202,0.09,6.183048866,0.06,1.035631013,0.03,2.240178125,0.022,1.594900293,33,2.347970448,NA,NA,1,0.038140031,NA,NA,1.081515503,-0.459588012,2320,3680,11520
6,10/18/09,35.5985,143.5,8,50,24.636,34.5375,23.103,0.65,53.92129998,0.11,7.82835253,0.4,6.6317015,0.09,6.372256777,0.017,1.227886793,3,0.228208961,NA,NA,3,0.089837352,NA,NA,2.705519874,5.480557632,80,0,5040
6,10/18/09,35.5985,143.5,10,100,19.961,34.7135,24.555,0.43,35.96489217,0.09,6.655495501,0.59,9.901764549,0.02,1.558505909,0.069,4.901129336,3,0.195860256,NA,NA,7,0.226709311,NA,NA,6.714866787,5.306955797,80,1040,2880
7,10/18/09,35.5208,143.5,0,0,25.17,33.7215,22.3145,0.56,47.03801032,0.1,7.114726845,0.31,5.178155004,0.09,6.155899958,0.009,0.621711514,5,0.337115373,NA,NA,4,0.117211744,NA,NA,3.591190743,4.59530046,NA,NA,NA
7,10/18/09,35.5208,143.5,2,50,25.126,34.3585,22.82,0.79,66.18119221,0.08,5.568537859,0.35,5.832501066,0.02,1.461348343,0.024,1.73965862,33,2.367530897,NA,NA,1,0.019660215,NA,NA,0.500148195,4.201571109,2880,1760,6480
7,10/18/09,35.5208,143.5,4,65,23.9365,34.6175,23.3725,0.52,43.0648971,0.06,4.54765667,0.56,9.247419479,0.05,3.900238623,0.008,0.540284928,1,0.107133119,NA,NA,2,0.06246296,NA,NA,1.900710076,8.740902359,0,2960,10080
7,10/18/09,35.5208,143.5,8,75,22.4975,34.6625,23.823,0.41,34.46852486,0.1,6.8305981,1.02,16.95138234,0.06,4.101401091,0.037,2.648327926,1,0.080869082,NA,NA,6,0.199334904,NA,NA,6.007881467,14.46857491,0,880,9760
7,10/18/09,35.5208,143.5,10,100,21.0775,34.7315,24.27,0.25,20.74322464,0.08,5.575145505,0.13,2.197802186,0.02,1.211679935,0.056,4.014484445,5,0.348981125,NA,NA,9,0.295145267,NA,NA,8.889743638,-1.565776981,0,160,1440
8,10/18/09,35.4323,143.5,0,0,25.099,34.225,22.727,0.61,50.40225684,0.08,5.852666605,0.68,11.35531105,0.07,4.65872043,0.014,1.033961828,2,0.159984347,NA,NA,4,0.121070142,NA,NA,3.684919678,10.38597183,0,80,7200
8,10/18/09,35.4323,143.5,2,25,25.11,34.2455,22.7395,0.53,44.41678757,0.09,6.470481434,0.74,12.37262716,0.07,4.763514668,0.018,1.309313378,6,0.397653388,NA,NA,5,0.151429738,NA,NA,4.607946893,11.14514587,80,1440,9600
8,10/18/09,35.4323,143.5,4,35,25.114,34.246,22.7385,0.24,20.05179974,0.06,4.531137557,0.21,3.578088609,0.03,1.952759086,0.034,2.431190478,2,0.147187993,NA,NA,5,0.171960528,NA,NA,5.173668137,1.298847537,2160,720,19440
8,10/18/09,35.4323,143.5,8,50,25.106,34.2525,22.746,0.37,30.84628397,0.09,6.744698712,0.07,1.107226118,0.09,6.377525171,0.005,0.328265035,1,0.038908505,NA,NA,2,0.069306546,NA,NA,2.125907178,0.799477648,0,80,5760
8,10/18/09,35.4323,143.5,10,100,20.7895,34.7465,24.359,0.45,37.1723058,0.09,6.176441221,0.16,2.707292636,0.08,5.885374686,0.001,0.042678205,3,0.24838833,NA,NA,3,0.10352454,NA,NA,3.203487621,2.667281819,80,720,5040
9,10/19/09,36.0485,144,0,0,20.158,33.699,23.73,0.85,71.15130585,0.13,8.992857143,0.18,2.940392846,0.11,7.840411901,0.006,0.457142846,10,0.695302396,NA,NA,2,0.051729277,NA,NA,1.573484281,2.511821428,240,240,13440
9,10/19/10,36.0485,144,2,25,17.6245,33.472,24.1945,1.32,109.910634,0.27,18.97857143,0.61,10.16317051,0.12,8.770175536,0.013,0.900000001,130,9.308395892,NA,NA,5,0.170499267,NA,NA,5.224112288,9.319420513,480,1120,13680
9,10/19/11,36.0485,144,4,40,16.2455,33.68,24.677,0.95,78.95186155,0.18,13.18571429,0.85,14.14252387,0.03,2.35837348,0.068,4.842857165,84,5.984483641,NA,NA,4,0.11640138,NA,NA,3.302272176,9.602345282,400,160,7200
9,10/19/12,36.0485,144,8,70,13.4235,33.9795,25.518,0.82,67.93573218,0.19,13.92142857,0.73,12.16616743,0.01,1.050000043,0.112,8.014285671,68,4.857142857,NA,NA,19,0.608072905,NA,NA,18.33112503,4.652774617,80,240,1440
9,10/19/13,36.0485,144,10,110,13.015,34.412,25.935,0.79,66.14028568,0.3,21.53571429,1.73,28.81118825,0.01,0.457142387,0.223,15.93571476,72,5.142857143,NA,NA,27,0.876868142,NA,NA,26.16062417,13.87145567,560,560,960
10,10/19/14,36.127,144,0,0,18.378,33.229,23.824,0.76,63.57028923,0.09,6.305290303,0.55,9.175824436,0.01,0.86490612,0.018,1.269194036,58,4.171190147,NA,NA,2,0.069306546,NA,NA,2.067099115,7.985955028,2160,80,4320
10,10/19/15,36.127,144,2,25,17.005,33.353,24.25,0.95,78.89515451,0.12,8.333837391,0.98,16.3702966,0.04,2.82275629,0.012,0.884086029,65,4.626995072,NA,NA,3,0.10352454,NA,NA,3.150899632,15.54146595,320,1920,1920
10,10/19/16,36.127,144,4,40,16.15,33.651,24.8025,0.97,80.85591169,0.18,12.61228768,0.05,0.817515824,0.04,2.656808227,0.078,5.570636442,61,4.384843013,NA,NA,17,0.562045567,NA,NA,17.05838644,-4.40495584,80,0,2160
10,10/19/17,36.127,144,8,70,12.7095,33.8905,25.5915,0.86,71.36171905,0.2,14.07257728,0.84,13.97102903,0.06,4.078606382,0.097,6.900603779,43,3.093367119,NA,NA,1,0.033347411,NA,NA,0.60148158,7.501712983,1120,80,1920
10,10/19/18,36.127,144,10,110,10.634,33.8865,25.974,0.79,66.16055266,0.25,18.09993705,1.23,20.43956008,0.09,6.757494607,0.153,10.94478906,6,0.397653388,NA,NA,28,0.917912677,NA,NA,27.74370628,10.17882034,720,400,2880
11,10/19/19,36.2273,144,0,0,20.988,33.781,23.571,1.1,91.651856,0.17,12.06428571,0.5,8.306693245,0.02,1.530597028,0.009,0.650000027,138,9.88368866,10,0.32187278,3,0.089235586,7.204773906,0.232637194,2.723001094,7.69731822,1520,5840,6720
11,10/19/20,36.2273,144,2,20,18.072,33.491,24.1135,1.28,106.7585459,0.44,31.24915107,0.41,6.776556864,0.4,28.71055234,0.024,1.725493517,11,0.813105216,NA,NA,1,0.02463907,NA,NA,0.65522864,5.158906692,880,1200,25920
11,10/19/21,36.2273,144,4,40,17.3505,33.7705,24.533,0.81,67.58468155,0.14,9.817253747,0.48,7.938727851,0.06,4.372660213,0.039,2.774991579,37,2.669601955,NA,NA,10,0.308832471,NA,NA,9.391104646,5.337173246,160,720,10080
11,10/19/22,36.2273,144,8,95,12.5245,33.9425,25.6675,0.67,56.05749332,0.24,16.9535106,0.54,9.029303794,0.15,10.92117931,0.08,5.71539519,4,0.316936098,NA,NA,19,0.623637969,NA,NA,18.95685569,3.671120804,560,80,1440
11,10/19/23,36.2273,144,10,155,11.921,34.408,26.145,0.61,50.66025121,0.32,22.63608551,1.69,28.14352294,0.19,13.56730884,0.12,8.538181687,7,0.530594982,NA,NA,26,0.849476689,NA,NA,25.77465671,20.13897761,1520,80,2160
12,10/19/24,36.2977,144,0,0,23.615,33.8,22.848,0.48,39.75224945,0.09,6.450658499,0.35,5.832501066,0.08,6.023543338,0.001,0.069820512,5,0.357294649,NA,NA,4,0.137742534,NA,NA,4.261522493,5.767044336,2960,3680,6480
12,10/19/25,36.2977,144,2,15,23.449,34.1275,23.144,0.77,63.94180112,0.09,6.126883882,0.5,8.374958724,0.02,1.218494566,0.007,0.495047861,62,4.413341455,NA,NA,4,0.14458612,NA,NA,4.446891642,7.910851354,2480,4560,7920
12,10/19/26,36.2977,144,4,40,20.0045,33.963,23.971,1.09,90.94179241,0.16,11.46428571,0.34,5.740925665,0.02,1.200000063,0.037,2.621428509,107,7.642857143,64,2.063083618,5,0.170499267,58.61333736,1.892584351,5.116523006,3.283336438,0,880,5040
12,10/19/27,36.2977,144,8,45,18.4685,33.7095,24.2695,1.77,147.6454418,0.55,39.26428571,0.59,9.800199465,0.52,37.1660355,0.014,1.035714256,15,1.062535957,13,0.414081354,4,0.126741906,8.898902722,0.287339449,3.860464678,8.82921735,320,80,9360
12,10/19/28,36.2977,144,10,50,19.377,34.348,24.4275,0.89,74.29587317,0.25,18.17142857,0.77,12.79886786,0.19,13.81945795,0.059,4.20000005,2,0.151970569,19,0.618643879,9,0.301771364,9.813541794,0.316872515,9.083359143,8.861367813,2560,160,5760
13,10/19/29,36.3885,144,0,0,23.804,34.181,23.081,1.11,92.76767021,0.28,19.80714286,0.29,4.875125029,0.26,18.92050096,0.009,0.60714289,4,0.279499008,1,0.046955119,1,0.045478225,0.045739403,0.001476894,1.370514195,4.30592857,0,3600,12240
13,10/19/30,36.3885,144,2,20,23.625,34.1815,23.1335,0.92,76.81152702,0.11,7.792857143,0.47,7.843822886,0.05,3.307142851,0.007,0.485714292,56,4,3,0.100839527,3,0.107988746,-0.221411312,-0.007149219,3.314054314,7.388465737,0,3280,11520
13,10/19/31,36.3885,144,4,35,22.03,34.341,23.71,0.91,76.04060084,0.19,13.36428571,0.55,9.239094082,0.07,5.15714287,0.032,2.278571416,83,5.928571429,40,1.285343829,8,0.2705161,31.42921477,1.014827729,8.235472904,7.102933379,80,720,8640
13,10/19/32,36.3885,144,8,50,20.1185,34.634,24.475,0.78,64.96360888,0.16,11.41428571,0.8,13.36663336,0.03,2.392857393,0.084,6.021428321,42,3,57,1.839024904,14,0.439294503,43.34965054,1.399730402,13.22861148,7.721544311,2000,1520,1920
13,10/19/33,36.3885,144,10,80,17.693,34.5805,25.027,1.13,94.39067269,0.33,23.8,0.78,12.9620383,0,0.222317461,0.133,9.507143072,197,14.07053947,9,0.275660316,8,0.250822375,0.769231037,0.024837941,7.173772495,4.049091674,320,0,2880
14,10/19/34,36.471,144,0,0,23.171,34.16,23.091,1.09,90.63747945,0.16,11.15714286,0.31,5.203130203,0.01,0.797069336,0.001,0.092857143,144,10.26721638,18,0.566299631,1,0.039227177,16.3234339,0.527072454,1.209062084,5.116076632,2160,4080,12960
14,10/19/35,36.471,144,2,25,23.7255,34.176,23.1,4.26,354.3753834,1.65,117.7571429,0.11,1.761571808,1.63,116.3714837,0.004,0.307142868,15,1.078516278,10,0.337642895,2,0.051729277,8.854744752,0.285913618,1.58285928,1.47362537,960,3760,14400
14,10/19/36,36.471,144,4,30,23.62,34.1465,23.1085,0.95,78.75913001,0.15,10.98571429,0.28,4.675324921,0.09,6.371428586,0.006,0.399999986,59,4.214285714,20,0.646680672,2,0.070482433,17.84485947,0.576198239,2.157840959,4.300324934,800,3760,17280
14,10/19/37,36.471,144,8,40,21.59,34.2355,23.752,0.8,66.64680388,0.2,14.40131771,0.46,7.612387458,0.12,8.216815333,0.054,3.842857267,33,2.341645112,53,1.706519172,10,0.314273446,43.11785011,1.392245725,9.492870057,4.00970877,80,2880,18720
14,10/19/38,36.471,144,10,90,16.4645,34.6385,25.3625,0.76,62.94904454,0.22,15.61957232,0.89,14.7752243,0.03,2.29814407,0.148,10.60714253,38,2.714285714,24,0.782315147,24,0.783102349,-0.024379662,-0.000787203,23.58973335,4.831028175,80,720,2880
15,10/19/39,36.5502,144,0,0,23.583,34.185,23.148,0.97,80.98070062,0.11,7.552423659,0.55,9.147518681,0.09,6.395280799,0.008,0.585714289,8,0.571428571,4,0.141620929,5,0.145495058,-0.119981799,-0.00387413,4.469374813,8.598411535,5840,2800,18720
15,10/19/40,36.5502,144,2,20,23.4895,34.186,23.1765,0.97,80.82832043,0.11,8.01911821,0.53,8.876124025,0.1,7.454979945,0.001,0.08571429,7,0.478423975,9,0.29383919,5,0.157997155,4.207027803,0.135842034,4.887814754,8.795766879,80,3280,36480
15,10/19/41,36.5502,144,4,32,20.8745,34.065,23.8175,1.03,85.78575602,0.1,7.3,0.44,7.297702523,0.03,1.985714233,0.02,1.45714291,54,3.857142857,11,0.339037779,5,0.176750308,5.026042967,0.162287471,5.382885601,5.931631045,2960,4080,30720
15,10/19/42,36.5502,144,8,50,20.223,34.2465,24.1295,1.99,165.3282164,0.62,44.19400684,0.36,5.965700973,0.58,41.11741498,0.017,1.192857112,26,1.883734746,13,0.422841455,4,0.139244003,8.783013097,0.283597452,4.237833191,4.84739743,0,240,17280
15,10/19/43,36.5502,144,10,70,17.9565,34.578,24.9605,1.8,149.4806764,0.57,41.01199854,0.7,11.64002693,0.34,23.97601443,0.06,4.25714281,179,12.7788413,23,0.750058106,18,0.5705666,5.558851938,0.179491506,17.40437618,7.648955548,240,1520,2160
16,10/19/44,36.6308,144,0,0,22.333,34.107,23.448,0.97,80.44229061,0.1,6.803894088,0.17,2.822177711,0.08,5.360406936,0.003,0.207142855,17,1.236344298,5,0.173377467,2,0.051729277,3.767444451,0.12164819,1.589109281,2.627981285,1920,3120,7920
16,10/19/45,36.6308,144,2,20,22.0155,34.258,23.651,0.93,77.75024055,0.12,8.321428571,0.24,3.942723944,0.03,2.442857132,0.004,0.307142868,78,5.571428571,5,0.158046498,4,0.139244003,0.58231329,0.018802496,4.293190331,3.654777506,3600,720,11520
16,10/19/46,36.6308,144,4,35,21.9475,34.3065,23.707,0.8,66.32172613,0.08,5.909901281,0.13,2.102897221,0,-0.173597017,0.001,0.078571428,84,6.004926869,14,0.467959303,3,0.089235586,11.72907353,0.378723717,2.758715381,2.029236507,4480,2400,8640
16,10/19/47,36.6308,144,8,55,18.955,34.4615,24.6345,1.15,95.84284871,0.24,16.80146111,0.93,15.47119536,0.12,8.517286775,0.063,4.521428474,53,3.762745865,24,0.778091697,14,0.451796585,10.10535961,0.326295112,13.70955096,11.23235617,80,3040,6480
16,10/19/48,36.6308,144,10,70,16.139,34.2045,25.1045,0.88,73.54454724,0.18,12.83758792,0.92,15.34964992,0.06,4.316634825,0.093,6.621428366,27,1.899524728,62,1.99365194,18,0.5705666,44.07295297,1.42308534,17.25660833,9.142060829,0,720,3600
17,10/20/09,36.5,144.5,0,0,20.053,33.748,23.794,1.8,150.0901971,0.49,34.76920131,0.26,4.412254174,0.47,33.40428558,0.002,0.128571426,17,1.236344298,43,1.401423946,2,0.064231385,41.41285362,1.337192561,1.981210274,4.291718462,0,2320,15840
17,10/20/10,36.5,144.5,2,20,20.0525,33.7515,23.7975,0.94,78.09563565,0.09,6.343260506,0.35,5.904096109,0.03,2.050403372,0.006,0.435714277,54,3.857142857,30,0.957032593,1,0.01919386,29.04486554,0.937838732,0.567201708,5.495613974,720,1600,9360
17,10/20/11,36.5,144.5,4,40,19.846,33.893,23.959,0.8,66.39283689,0.16,11.45568717,0.2,3.318348419,0.14,9.734007098,0.008,0.564285687,16,1.157394387,16,0.515269617,2,0.057980329,14.16224926,0.457289288,1.760382937,2.789330587,160,3840,16320
17,10/20/12,36.5,144.5,8,50,18.264,34.237,24.6235,0.79,65.49887309,0.17,11.82237575,0.67,11.19380588,0.02,1.172375716,0.106,7.57857146,43,3.071428571,19,0.619518876,19,0.608072905,0.354481715,0.011445971,18.35835716,4.088895136,0,1520,10080
17,10/20/13,36.5,144.5,10,145,10.1775,33.9685,26.117,1.62,134.5474175,0.49,35.07224972,1.2,20.0283059,0.4,28.41368923,0.061,4.364285618,32,2.294274872,27,0.88387792,17,0.564315501,9.896848129,0.319562419,17.20408321,15.93678813,2560,2240,15120
18,10/20/14,36.4148,144.5,0,0,21.52,34.189,23.741,4.01,334.1654693,1.31,93.8333363,0.3,5.058274839,1.22,87.00734911,0.008,0.599999979,87,6.225987208,25,0.819486582,3,0.107988746,22.03508798,0.711497836,3.306911459,4.495774859,2400,3120,11520
18,10/20/15,36.4148,144.5,2,20,21.505,34.222,23.7655,4.29,357.5304321,1.47,105.1673468,0.33,5.569430816,1.4,100.2395888,0.027,1.907142811,42,3.02061523,85,2.754090962,2,0.057980329,83.49854629,2.696110633,1.676454367,3.781484431,1520,1040,5760
18,10/20/16,36.4148,144.5,4,30,20.3815,34.0225,23.917,0.81,67.64235446,0.09,6.200827754,0.27,4.513819754,0.08,5.456982323,0,0.028571428,10,0.715274003,7,0.238863422,4,0.126741906,3.472403355,0.112121516,3.923411105,4.487034041,720,560,1440
18,10/20/17,36.4148,144.5,8,40,18.8605,33.727,24.0845,0.84,70.32424585,0.11,8.207008224,0.69,11.43523149,0.08,5.755630952,0.019,1.357142814,15,1.094234458,59,1.913274162,4,0.132992947,55.13530924,1.780281215,4.033970138,10.1629101,960,80,3840
18,10/20/18,36.4148,144.5,10,70,15.3005,34.2865,25.3565,1.13,94.21745999,0.34,24.40797619,0.84,13.95770879,0.26,18.69945614,0.065,4.614285593,15,1.094234458,41,1.314691624,18,0.576817641,22.85195725,0.737873983,17.5756495,9.631816043,0,1040,2400
19,10/20/19,36.3287,144.5,0,0,22.332,34.128,23.464,0.96,80.18832362,0.09,6.649339399,0.3,4.951714914,0.08,5.434443864,0.008,0.578571444,9,0.636324092,4,0.129373573,4,0.132992947,-0.112092002,-0.003619374,4.082630849,4.409304185,7200,4240,15840
19,10/20/20,36.3287,144.5,2,20,21.61,34.118,23.6575,0.81,67.21568993,0.09,6.16143146,0.35,5.855810988,0.04,2.873603188,0.037,2.635714199,9,0.652114074,8,0.254875666,7,0.220507683,1.064376421,0.034367983,6.664390816,3.384828926,800,1520,7200
19,10/20/21,36.3287,144.5,4,30,20.752,34.1415,23.9085,0.77,63.75158022,0.07,5.182585098,0.24,4.057609019,0.04,2.828577982,0.018,1.307142898,15,1.046864218,6,0.189832096,5,0.151746114,1.179522873,0.038085982,4.61788072,2.832162551,1520,1520,10080
19,10/20/22,36.3287,144.5,8,50,19.7355,34.608,24.533,1.08,90.25557499,0.28,20.02286571,0.41,6.909756771,0.21,15.29179137,0.052,3.700000101,14,1.031074235,28,0.92023573,12,0.383035016,16.63710611,0.537200714,11.63134443,3.441006676,3440,800,2160
19,10/20/23,36.3287,144.5,10,90,15.01,34.5215,25.602,0.65,54.22273887,0.2,14.26191544,1.14,18.91941338,0.1,7.144359395,0.079,5.628571447,21,1.488984602,33,1.065227667,21,0.676834475,12.02853718,0.388393193,20.60977797,13.64262765,0,560,960
20,10/20/24,36.1602,144.5,0,0,20.74,33.842,23.683,1.12,93.20159204,0.19,13.40125796,0.75,12.54412301,0.16,11.72730608,0.001,0.042857145,23,1.631094736,8,0.243632548,7,0.239260836,0.135391917,0.004371712,7.407229518,12.50394443,1440,1680,4320
20,10/20/25,36.1602,144.5,2,20,17.862,33.437,24.11,0.98,81.29561969,0.14,10.08590836,0.53,8.754578583,0.11,7.620214878,0.007,0.471428569,28,1.994264915,63,2.043590601,6,0.208005572,56.84806835,1.835585029,6.412468276,8.3126143,2880,2160,7200
20,10/20/26,36.1602,144.5,4,30,17.1935,33.4585,24.2865,0.92,76.98833959,0.21,14.73770145,1,16.65834106,0.1,7.462624325,0.08,5.707142609,22,1.567934513,41,1.310968692,16,0.501805031,25.05979857,0.809163661,15.18420539,11.30789486,798,684,2052
20,10/20/27,36.1602,144.5,8,50,15.339,33.73,24.9195,0.87,72.0816974,0.16,11.11930344,0.45,7.467532591,0.1,6.802893394,0.047,3.36428572,13,0.952124324,3,0.108766548,1,0.047639811,1.893095047,0.061126737,1.26513709,4.313514728,0,80,2880
20,10/20/28,36.1602,144.5,10,90,11.541,33.903,25.8285,0.91,76.13501051,0.24,17.20148501,1.34,22.22943814,0.14,9.727174628,0.089,6.364285946,16,1.110024441,27,0.885192125,22,0.695587598,5.872052184,0.189604526,21.14458005,16.26292007,3276,3276,364
21,10/20/29,36.079,144.5,0,0,19.269,33.552,23.848,0.92,76.61246845,0.09,6.306894697,0.26,4.262404465,0.07,5.173190414,0.002,0.149999995,14,0.983704289,1,0.045992907,1,0.036912965,0.281205814,0.009079942,1.133819516,4.12177947,720,800,2880
21,10/20/30,36.079,144.5,2,20,17.643,33.5285,24.2325,1,83.24608615,0.12,8.752495361,0.49,8.213453062,0.1,7.464278273,0.004,0.257142853,14,1.031074235,7,0.214568938,6,0.201754516,0.396862648,0.012814422,6.232265937,7.972381637,0,2080,10560
21,10/20/31,36.079,144.5,4,30,17.566,33.6425,24.3385,0.93,77.35405205,0.11,7.740313673,0.35,5.86913073,0.04,2.690313641,0.011,0.764285746,60,4.285714286,6,0.207659026,6,0.195503475,0.376457407,0.012155551,6.006974762,5.152612843,880,720,5040
21,10/20/32,36.079,144.5,8,50,15.552,33.8085,24.9325,1.75,145.8235518,0.6,43.10303257,0.78,12.93539783,0.5,35.52796536,0.088,6.307142654,18,1.267924557,41,1.330461708,17,0.533060295,24.69552178,0.797401414,16.11468092,7.022451588,720,80,1440
21,10/20/33,36.079,144.5,10,90,11.942,33.9255,25.766,0.92,76.63278581,0.22,15.73473071,0.91,15.10156519,0.1,7.094476002,0.118,8.449999882,3,0.19025483,33,1.054494659,22,0.708089739,10.72816037,0.34640492,21.40141422,7.1796903,0,160,480
22,10/20/34,35.9967,144.5,0,0,18.109,33.156,23.835,0.98,81.3870478,0.1,6.809955056,0.27,4.488844555,0.09,6.393442317,0.001,0.057142856,5,0.359369884,12,0.386044561,4,0.114239794,8.417793629,0.271804767,3.534434999,4.435273128,240,5520,1440
22,10/20/35,35.9967,144.5,2,20,17.3165,33.256,24.2285,0.96,79.71086569,0.11,7.961539012,0.27,4.453879672,0.11,7.650433991,0.001,0.078571428,3,0.232533593,45,1.468004517,2,0.070482433,43.28125893,1.397522084,2.177930244,4.380218958,1440,3120,14400
22,10/20/36,35.9967,144.5,4,30,16.5125,33.639,24.585,1.85,153.645735,0.59,42.37571638,0.56,9.282384362,0.54,38.71576821,0.047,3.342857052,4,0.31709112,16,0.511543421,11,0.345528711,5.141475569,0.16601471,10.4920956,6.148455875,80,4160,15120
22,10/20/37,35.9967,144.5,8,50,14.771,33.806,25.1015,0.83,69.34901262,0.16,11.26779716,0.55,9.109224235,0.11,7.929855717,0.042,2.978571558,5,0.359369884,23,0.738886044,9,0.289269253,13.92463203,0.449616791,8.772508032,6.316813399,560,2160,5040
22,10/20/38,35.9967,144.5,10,90,11.86,33.878,25.7445,1.15,95.74126191,0.35,24.85951832,0.89,14.74525426,0.23,16.41868523,0.116,8.292857025,2,0.147976066,24,0.787083518,23,0.758098126,0.897677589,0.028985392,22.95999541,6.970700798,800,1600,720
23,10/20/39,35.9117,144.5,0,0,18.074,33.224,23.896,1.13,94.0142864,0.14,10.09196933,0.55,9.180819278,0.14,9.957122216,0.001,0.071428575,1,0.063418539,5,0.175650643,4,0.12049085,1.708298775,0.055159793,3.727137337,9.113854989,3600,6000,6480
23,10/20/40,35.9117,144.5,2,20,17.3355,33.3675,24.1835,0.9,75.33247483,0.14,10.04954255,0.3,4.966699934,0.14,9.696737145,0.001,0.035714287,4,0.31709112,35,1.139257306,3,0.10173769,32.13198251,1.037519616,3.148584118,4.93321779,1440,2480,9360
23,10/20/41,35.9117,144.5,4,30,16.567,33.4815,24.451,0.89,74.48930444,0.13,9.598000423,0.41,6.749916883,0.12,8.542100021,0.014,1.014285721,1,0.041614681,16,0.522495956,9,0.276767141,7.61022139,0.245728815,8.508085505,5.799024019,240,1520,9360
23,10/20/42,35.9117,144.5,8,50,14.159,33.8685,25.28,0.82,68.66838109,0.14,10.32531661,0.61,10.20313024,0.09,6.215946647,0.058,4.107142932,0,0.002227027,33,1.068730981,16,0.526809196,16.78331769,0.541921785,16.05858435,6.35268374,0,720,4320
23,10/20/43,35.9117,144.5,10,NA,NA,NA,NA,NA,NA,NA,NA,NA,NA,NA,NA,NA,NA,NA,NA,NA,NA,NA,NA,NA,NA,NA,NA,NA,NA,NA
24,10/20/44,35.831,144.5,0,0,18.564,33.355,23.875,0.93,77.288284,0.11,7.971428571,0.24,4.072594039,0.1,7.370358304,0.002,0.157142856,6,0.443927411,7,0.214772368,2,0.070482433,4.468659267,0.144289934,2.17301953,3.925272612,800,2960,5040
24,10/20/45,35.831,144.5,2,20,17.8545,33.3075,24.013,1.02,84.7946705,0.12,8.392857143,0.25,4.184149302,0.11,8.047194595,0,0.028571428,4,0.31709112,11,0.347497581,0,0.008759874,10.49070678,0.338737707,0.26950759,4.157363589,NA,NA,NA
24,10/20/46,35.831,144.5,4,30,17.4905,33.5005,24.284,0.94,78.34323562,0.12,8.285714286,0.28,4.675324921,0.11,7.684440122,0.008,0.578571444,0,0.02270272,37,1.179554403,2,0.051729277,34.92874416,1.127825126,1.565894994,4.132914192,0,240,10080
24,10/20/47,35.831,144.5,8,50,16.3535,33.665,24.641,0.88,72.88588976,0.15,10.47142857,0.41,6.886446849,0.1,7.226141351,0.045,3.235714244,0,0.009572977,12,0.373916692,10,0.314273446,1.847151321,0.059643246,9.530816496,3.852964745,2880,1520,13680
24,10/20/48,35.831,144.5,10,90,13.7745,33.997,25.459,0.86,71.64835037,0.19,13.66428571,0.73,12.21445255,0.14,9.730017101,0.054,3.828571311,1,0.105697303,66,2.141930959,19,0.614323947,47.30998918,1.527607013,18.78632692,8.62516695,0,720,2160
25,10/20/49,35.743,144.5,0,0,22.196,34.11,23.489,1.12,93.37629614,0.17,11.92857143,0.29,4.833500027,0.16,11.75491582,0.002,0.17142858,0,0.002227027,10,0.318320967,3,0.101504682,6.714800358,0.216816285,3.132885701,4.672785734,1520,10960,37440
25,10/20/50,35.743,144.5,2,20,22.141,34.107,23.502,0.91,75.53341257,0.11,7.871428571,0.26,4.35730943,0.1,7.002398425,0.002,0.17142858,10,0.697601567,16,0.514207304,4,0.114032935,12.39340019,0.400174369,3.520885712,4.196595136,880,9440,31680
25,10/20/51,35.743,144.5,4,30,22.036,34.101,23.526,0.99,82.73548609,0.12,8.485714286,0.28,4.683649822,0.12,8.332127403,0.001,0.08571429,1,0.067872593,5,0.173054567,5,0.151617696,0.663899899,0.021436871,4.69024289,4.603292675,NA,NA,NA
25,10/20/52,35.743,144.5,8,50,20.603,34.06,23.8865,1.14,95.10073628,0.23,16.52857143,0.68,11.39860133,0.2,14.45858842,0.027,1.964285704,1,0.105697303,23,0.737000312,10,0.333267664,12.50360012,0.403732648,10.1985317,9.557083478,800,800,10800
25,10/20/53,35.743,144.5,10,90,15.5605,33.871,24.979,0.79,65.38964703,0.16,11.34285714,1.15,19.18747947,0.12,8.614574452,0.038,2.707142915,0,0.021139776,20,0.650100105,8,0.270629645,11.75220013,0.379470459,8.212203676,16.64953298,720,800,720
26,10/21/09,35.587,145,0,0,24.511,34.214,22.89457595,0.99,82.12,0.13,9.285714286,0.61,10.09,0.05,3.571428571,27.65,1.97,51.07,3.647857143,10.15,0.33,6.47,0.21,3.68,0.12,6.34,8.243125,4000,2000,11700
26,10/21/09,35.587,145,2,20,24.2965,34.22,22.96437445,0.82,68.63,0.07,5.11,0.19,3.17,0.01,0.714285714,4.56,0.33,57,4.07,0.84,0.03,0.57,0.02,0.28,0.01,0.55,2.86,NA,NA,NA
26,10/21/09,35.587,145,4,30,24.141,34.21,23.00359124,0.86,71.53,0.09,6.69,0.17,2.81,0.01,0.73,2.56,0.18,81,5.79,7.75,0.25,0.39,0.01,7.36,0.24,0.38,2.64,1200,100,6300
26,10/21/09,35.587,145,8,50,23.0525,34.1065,23.24395915,0.82,67.98,0.08,5.68,0.53,8.79,0,0.17,41.16,2.94,36,2.57,17.36,0.56,5.95,0.19,11.41,0.37,5.76,6.03,1700,900,15300
26,10/21/09,35.587,145,10,90,20.936,34.3575,24.02684356,0.85,70.45,0.12,8.76,0.38,6.36,0.04,2.81,70.26,5.02,13,0.93,23.36,0.75,8.55,0.28,14.81,0.48,8.24,1.66,300,1800,2700
27,10/21/09,35.6712,145,0,0,23.804,34.201,23.09428079,0.89,73.87,0.1,7.22,0.37,6.23,0.02,1.55,16.5,1.18,63,4.5,7.75,0.25,1.95,0.06,5.79,0.19,1.88,5.12,3600,1400,15600
27,10/21/09,35.6712,145,2,20,23.684,34.251,23.16853544,0.76,63.42,0.09,6.38,0.2,3.39,0,0.29,13.1,0.94,72.26,5.16,5.95,0.19,2.48,0.08,3.47,0.11,2.42,2.52,1900,2700,17100
27,10/21/09,35.6712,145,4,30,22.8115,34.134,23.33264662,0.86,71.89,0.1,7.3,0.21,3.48,0.03,2.46,6.38,0.46,61.4,4.39,5.35,0.17,0.91,0.03,4.43,0.14,0.89,3.06,200,100,16200
27,10/21/09,35.6712,145,8,50,22.215,34.131,23.5003042,0.72,60.21,0.08,5.44,0.34,5.73,0,0.02,28.86,2.06,47,3.36,6.85,0.22,4.04,0.13,2.81,0.09,3.91,3.8,NA,NA,NA
27,10/21/09,35.6712,145,10,90,17.6155,34.425,24.92917407,0.77,64.35,0.2,14.06,0.86,14.32,0.02,1.22,152.8,10.91,27,1.93,26.67,0.86,20.7,0.67,5.97,0.19,20.02,4.08,1300,100,2700
28,10/21/09,35.7537,145,0,0,22.18,34.099,23.48302689,0.76,63.2,0.09,6.56,0.24,4.07,0.05,3.35,13.91,0.99,31,2.21,18.56,0.6,2.3,0.07,16.26,0.52,2.24,3.14,3000,1900,30600
28,10/21/09,35.7537,145,2,20,21.2315,34.028,23.69230753,0.75,62.75,0.09,6.78,0.31,5.1,0.02,1.28,25.2,1.8,51.78,3.7,8.05,0.26,1.78,0.06,6.27,0.2,1.67,3.41,700,5500,33300
28,10/21/09,35.7537,145,4,30,18.3655,33.597,24.10919515,NA,NA,NA,NA,NA,NA,NA,NA,NA,NA,NA,NA,NA,NA,NA,NA,NA,NA,NA,NA,NA,NA,NA
28,10/21/09,35.7537,145,8,50,17.0735,33.54,24.37853246,0.81,67.81,0.08,5.97,0.35,5.78,0,0.08,10.53,0.75,72,5.14,6.25,0.2,1.95,0.06,4.29,0.14,1.91,5.07,3800,100,18900
28,10/21/09,35.7537,145,10,90,16.082,34.527,25.36829134,0.47,39.35,0.16,11.66,0.64,10.72,0.008541867,0.61,108.71,7.77,46,3.29,20,0.65,19.83,0.64,0.17,0.01,19.35,3.44,200,100,9900
29,10/21/09,35.8347,145,0,0,18.039,33.279,23.94487569,0.89,74.27,0.1,7.47,0.23,3.8,0.04,2.95,6.26,0.45,57,4.07,7.45,0.24,2.3,0.07,5.15,0.17,2.27,3.38,800,4900,18900
29,10/21/09,35.8347,145,2,20,17.768,33.3045,24.03104305,0.89,73.82,0.08,5.53,1.14,18.97,0.01,0.46,3.92,0.28,67,4.79,7.45,0.24,1.09,0.04,6.36,0.21,1.07,18.71,3600,1900,9900
29,10/21/09,35.8347,145,4,30,17.141,33.426,24.27439386,0.78,65.1,0.08,6,0.69,11.53,0.01,0.36,34.96,2.5,44,3.14,15,0.48,14.97,0.48,0.03,0,14.82,9.19,NA,NA,NA
29,10/21/09,35.8347,145,8,50,15.0425,33.7385,24.99184713,0.66,54.57,0.12,8.3,0.43,7.12,0.04,3.08,64.08,4.58,9,0.64,10,0.32,9.59,0.31,0.41,0.01,9.31,2.83,NA,NA,NA
29,10/21/09,35.8347,145,10,90,12.669,33.9225,25.62583848,0.77,64.14,0.17,12.41,1.5,25.06,0,0.1,166.22,11.87,6,0.43,30.27,0.98,25.04,0.81,5.23,0.17,24.3,13.93,1200,100,2700
30,10/21/09,35.916,145,0,0,19.512,32.856,23.25322864,0.61,51.14,0.06,4.4,0.18,3.03,0.01,0.5,5.66,0.4,49,3.5,11.65,0.38,0.91,0.03,10.74,0.35,0.89,2.65,7300,2800,10800
30,10/21/09,35.916,145,2,20,17.1835,33.3895,24.23596667,0.58,48.52,0.06,4.36,0.16,2.58,0,0.25,0.48,0.03,57,4.07,2.34,0.08,1.09,0.04,1.26,0.04,1.09,2.55,900,3800,9000
30,10/21/09,35.916,145,4,30,16.769,33.4795,24.40273868,0.58,48.52,0.1,6.84,0.3,4.92,0.01,0.67,31.39,2.24,55,3.93,6,0.19,6.47,0.21,-0.47,-0.02,6.33,2.82,1300,0,15300
30,10/21/09,35.916,145,8,50,14.1115,33.864,25.28745723,0.75,62.36,0.17,11.79,0.76,12.7,0.02,1.16,121.7,8.69,27,1.93,41.08,1.33,10.63,0.34,30.45,0.98,10.09,4.55,NA,NA,900
30,10/21/09,35.916,145,10,90,11.2185,33.8965,25.87883847,0.64,52.97,0.16,11.69,0.73,12.11,0.01,1.02,114.28,8.16,35,2.5,21.86,0.71,16.53,0.53,5.33,0.17,16.02,4.46,0,200,7200
31,10/21/09,35.9997,145,0,0,18.306,33.342,23.92757419,NA,0,NA,0,NA,0,NA,0,NA,0,NA,0,NA,0,NA,0,0,0,0,0,3700,900,2700
31,10/21/09,35.9997,145,2,20,17.5515,33.4755,24.21416398,0.77,63.85,0.09,6.31,0.7,11.66,0.01,0.68,31.83,2.27,47,3.36,10.75,0.35,5.77,0.19,4.98,0.16,5.63,9.53,2300,2800,12600
31,10/21/09,35.9997,145,4,30,17.427,33.699,24.41566948,0.65,53.73,0.12,8.35,0.27,4.52,0,0.1,27.46,1.96,88,6.29,7,0.23,6.99,0.23,0.01,0,6.87,2.68,3300,1900,30600
31,10/21/09,35.9997,145,8,50,16.392,34.165,25.01734029,0.69,57.45,0.16,11.39,0.56,9.33,0.07,4.96,89.97,6.43,0.05,0,17.06,0.55,15.84,0.51,1.22,0.04,15.44,3.3,NA,NA,NA
31,10/21/09,35.9997,145,10,90,11.273,33.8775,25.85416961,0.42,35.1,0.13,9.04,0.6,9.91,0.02,1.1,95.19,6.8,16,1.14,19.16,0.62,19.48,0.63,-0.32,-0.01,19.06,3.54,400,0,0
32,10/21/09,36.0818,145,0,0,21.148,33.96,23.66225147,0.64,53.58,0.07,5.09,0.26,4.25,0.01,0.94,14.99,1.07,43,3.07,7.15,0.23,1.09,0.04,6.06,0.2,1.02,3.24,2700,4800,17100
32,10/21/09,36.0818,145,2,20,18.616,33.4755,23.95364349,0.84,69.57,0.41,29.56,1.36,22.72,0.26,18.37,106.6,7.61,50.12,3.58,26.07,0.84,13.06,0.42,13,0.42,12.59,15.58,100,1800,14400
32,10/21/09,36.0818,145,4,30,18.095,33.6745,24.23510033,1.01,83.94,0.36,25.89,0.28,4.74,0.19,13.63,25.9,1.85,145.78,10.41,11.05,0.36,1.43,0.05,9.62,0.31,1.32,3.01,900,100,11700
32,10/21/09,36.0818,145,8,50,17.2565,34.2235,24.85933553,0.71,58.76,0.15,10.67,0.47,7.8,0.06,4.09,73.25,5.23,19,1.36,15.86,0.51,9.76,0.32,6.09,0.2,9.44,2.89,NA,NA,NA
32,10/21/09,36.0818,145,10,90,12.656,33.986,25.67760755,0.79,65.59,0.31,22.14,1.03,17.1,0.05,3.92,136.04,9.72,118.99,8.5,26.07,0.84,17.05,0.55,9.01,0.29,16.45,7.99,3800,0,1800
33,10/21/09,36.1672,145,0,0,21.322,33.799,23.49243515,0.87,72.14,0.08,6.07,0.35,5.82,0.01,0.87,22.75,1.63,50,3.57,5.35,0.17,2.3,0.07,3.04,0.1,2.2,4.3,3700,3000,14600
33,10/21/09,36.1672,145,2,15,21.104,33.929,23.65139537,NA,NA,NA,NA,NA,NA,NA,NA,NA,NA,NA,NA,NA,NA,NA,NA,NA,NA,NA,NA,1100,6400,14400
33,10/21/09,36.1672,145,4,22,18.86,33.5955,23.98430778,0.64,53.21,0.07,4.79,0.18,3.03,0,0.18,7.5,0.54,57,4.07,7.15,0.23,0.45,0.01,6.69,0.22,0.42,2.53,500,2000,11700
33,10/21/09,36.1672,145,8,40,17.678,33.679,24.3404146,0.94,78.54,0.14,9.81,0.26,4.29,0.01,0.52,33.16,2.37,97,6.93,11.05,0.36,6.64,0.21,4.41,0.14,6.49,2.07,NA,NA,NA
33,10/21/09,36.1672,145,10,90,12.319,33.9745,25.73401043,NA,0,NA,0,NA,0,NA,0,NA,0,NA,0,NA,0,NA,0,0,0,0,0,2000,0,900
34,10/21/09,35.6667,145.5,0,0,23.395,34.164,23.18565505,0.84,69.84,0.08,5.84,0.64,10.63,0,0.08,42.79,3.06,37.73,2.7,12.55,0.41,4.38,0.14,8.17,0.26,4.19,7.76,5200,9600,2400
34,10/21/09,35.6667,145.5,2,20,23.4,34.177,23.19525518,0.82,68.56,0.08,5.44,0.18,3.03,0.02,1.67,5.75,0.41,47,3.36,20.66,0.67,1.09,0.04,19.57,0.63,1.06,2.65,300,0,9600
34,10/21/09,35.6667,145.5,4,30,23.395,34.1815,23.20071715,0.84,69.94,0.07,4.91,0.21,3.48,0,0.17,1.45,0.1,65,4.64,3.24,0.1,1.43,0.05,1.81,0.06,1.43,3.39,100,100,13200
34,10/21/09,35.6667,145.5,8,50,22.588,34.177,23.43000758,0.79,65.8,0.1,7.31,0.34,5.64,0.01,0.57,44.34,3.17,50,3.57,13.45,0.43,5.25,0.17,8.2,0.26,5.05,2.67,300,1800,2700
34,10/21/09,35.6667,145.5,10,90,20.0345,34.439,24.32918505,0.79,66.16,0.16,11.23,0.47,7.89,0.01,0.48,81.43,5.82,69.04,4.93,17.36,0.56,12.19,0.39,5.16,0.17,11.83,2.44,400,0,3600
35,10/22/09,35.5833,145.5,0,0,24.1426,34.25,23.03149462,1.07,89.09,0.15,11.01,0.39,6.54,0.04,2.57,25.23,1.8,93,6.64,9.25,0.3,1.78,0.06,7.47,0.24,1.67,4.85,4600,7200,1800
35,10/22/09,35.5833,145.5,2,20,23.7367,34.2077,23.12032029,0.82,68.22,0.08,5.57,0.19,3.17,0.01,0.73,9.73,0.69,58,4.14,8.05,0.26,0.13,0,7.92,0.26,0.08,2.52,9200,200,33600
35,10/22/09,35.5833,145.5,4,40,23.6049,34.3419,23.26171789,0.47,38.86,0.08,5.72,0.16,2.63,0.01,0.84,26.33,1.88,42,3,7.45,0.24,2.82,0.09,4.63,0.15,2.71,0.87,100,0,12000
35,10/22/09,35.5833,145.5,8,50,23.4515,34.3747,23.33187602,0.79,65.61,0.1,7.03,0.67,11.21,0.01,0.65,62.22,4.44,27,1.93,10.15,0.33,7.86,0.25,2.3,0.07,7.58,7.05,NA,NA,NA
35,10/22/09,35.5833,145.5,10,90,19.703,34.4151,24.39759687,2.31,192.34,0.16,11.43,0.13,2.23,NA,0,90.23,6.45,69,4.93,13.23,0.43,12.1,0.39,1.13,0.04,11.7,-3.81,1200,0,4200
36,10/22/09,35.5,145.5,0,0,24.1426,34.2858,23.0585802,1.01,84.22,0.12,8.78,0.24,3.98,0,0.27,11.32,0.81,107.75,7.7,8.35,0.27,0.74,0.02,7.61,0.25,0.69,3.22,2900,1100,22500
36,10/22/09,35.5,145.5,2,20,25.0787,34.2985,22.78862063,0.82,67.87,0.07,4.83,0.1,1.69,0.01,0.9,6.11,0.44,49,3.5,7.75,0.25,0.22,0.01,7.53,0.24,0.19,1.28,1600,5000,26400
36,10/22/09,35.5,145.5,4,40,24.6621,34.2561,22.88369291,0.87,72.75,0.09,6.54,0.17,2.81,0.01,0.97,6,0.43,72,5.14,3.84,0.12,0.39,0.01,3.45,0.11,0.37,2.41,3000,0,45600
36,10/22/09,35.5,145.5,8,65,22.7546,34.3115,23.48553559,0.74,61.57,0.1,7.06,0.31,5.15,0.01,0.82,45.27,3.23,42,3,14.35,0.46,6.29,0.2,8.06,0.26,6.09,2.11,400,200,16800
36,10/22/09,35.5,145.5,10,80,21.4138,34.4272,23.94927246,0.71,59.33,0.13,9.3,0.16,2.72,0.01,0.47,66.65,4.76,57,4.07,27.57,0.89,10.81,0.35,16.76,0.54,10.51,-1.75,NA,NA,NA
37,10/22/09,35.4167,145.5,0,0,25.0484,34.2704,22.77526824,1.12,92.99,0.14,10.33,0.13,2.18,0.02,1.55,2.83,0.2,120,8.57,5.95,0.19,1.09,0.04,4.86,0.16,1.07,1.99,2500,1300,15600
37,10/22/09,35.4167,145.5,2,20,25.0779,34.279,22.77413396,0.79,65.43,0.07,5.13,0.12,2.04,0.02,1.56,2.95,0.21,47,3.36,2.34,0.08,0.95,0.03,1.4,0.05,0.93,1.85,100,500,12000
37,10/22/09,35.4167,145.5,4,35,25.0711,34.2817,22.77923191,0.81,67.48,0.07,4.77,0.13,2.22,0.02,1.38,3.51,0.25,44,3.14,10.15,0.33,1,0.03,9.15,0.3,0.98,1.99,800,0,19200
37,10/22/09,35.4167,145.5,8,45,25.0725,34.2804,22.77848784,0.83,69.12,0.1,6.82,0.24,4.02,0.01,0.54,27.91,1.99,60,4.29,15.56,0.5,3.34,0.11,12.21,0.39,3.22,2.15,400,0,19200
37,10/22/09,35.4167,145.5,10,80,21.5847,34.6548,24.07532547,NA,0,NA,0,NA,0,NA,0,NA,0,NA,0,NA,0,NA,0,0,0,0,0,100,900,6300
38,10/22/09,35.3333,145.5,0,0,25.0242,33.4304,22.14821133,0.85,70.59,0.09,6.72,0.13,2.22,0.02,1.38,3.66,0.26,71,5.07,10.15,0.33,0.91,0.03,9.24,0.3,0.9,1.98,2500,1000,13500
38,10/22/09,35.3333,145.5,2,20,25.0283,34.2874,22.79552994,0.84,70.19,0.07,4.99,0.37,6.09,0.01,0.57,17.85,1.27,44,3.14,4.75,0.15,1.95,0.06,2.79,0.09,1.88,4.9,600,0,5400
38,10/22/09,35.3333,145.5,4,30,24.9621,34.2811,22.81148709,0.84,69.63,0.07,5.23,0.13,2.22,0.01,0.69,4.56,0.33,59,4.21,7.15,0.23,1,0.03,6.15,0.2,0.98,1.92,2700,0,8400
38,10/22/09,35.3333,145.5,8,65,23.3196,34.2479,23.27498382,0.87,72.85,0.09,6.72,0.43,7.17,0,0.35,50.29,3.59,39,2.79,14.05,0.45,5.6,0.18,8.45,0.27,5.37,3.8,3500,0,9000
38,10/22/09,35.3333,145.5,10,80,21.9883,34.6297,23.94418957,0.76,63.56,0.09,6.13,0.14,2.31,0.006538335,0.47,27.26,1.95,52,3.71,7.45,0.24,1.95,0.06,5.49,0.18,1.83,0.49,0,200,4800
39,10/22/09,35.25,145.5,0,0,24.8162,34.2554,22.83418606,0.79,65.45,0.07,4.89,0.12,1.96,0.02,1.26,4.89,0.35,46,3.29,1.16,0.04,0.56,0.02,0.6,0.02,0.54,1.63,10200,900,7200
39,10/22/09,35.25,145.5,2,10,24.8236,34.2867,22.85625983,0.8,66.91,0.08,5.57,0.1,1.64,0.02,1.47,6.28,0.45,51,3.64,6.25,0.2,0.66,0.02,5.59,0.18,0.63,1.22,1000,2400,9600
39,10/22/09,35.25,145.5,4,35,24.8353,34.2896,22.856556,0.55,45.84,0.05,3.76,0.07,1.1,0.01,0.91,5.83,0.42,34,2.43,4.75,0.15,0.23,0.01,4.52,0.15,0.2,0.71,100,200,4800
39,10/22/09,35.25,145.5,8,60,24.6078,34.3032,22.93688573,0.78,64.87,0.09,6.2,0.54,8.92,0,0.09,40.6,2.9,45,3.21,15.86,0.51,7.51,0.24,8.35,0.27,7.33,6.2,200,900,16200
39,10/22/09,35.25,145.5,10,80,22.5692,34.6636,23.80631573,0.78,64.63,0.1,7.04,0.16,2.58,0,0.08,22.4,1.6,75,5.36,8.95,0.29,2.13,0.07,6.82,0.22,2.03,1.08,200,3200,7200
40,10/22/09,35.1667,145.5,0,0,25.0716,34.2832,22.77789441,1,83.4,0.12,8.72,0.47,7.83,0.05,3.43,6.99,0.5,67,4.79,7,0.23,0.33,0.01,6.67,0.22,0.3,7.36,3300,900,1800
40,10/22/09,35.1667,145.5,2,15,25.0827,34.2974,22.7862435,0.97,80.47,0.12,8.82,0.76,12.7,0.01,1,56.55,4.04,53,3.79,5.95,0.19,5.43,0.18,0.52,0.02,5.17,8.91,1400,200,9600
40,10/22/09,35.1667,145.5,4,50,25.0546,34.2984,22.79784767,0.93,77.02,0.1,7.31,0.14,2.4,0.04,2.53,6.93,0.49,60,4.29,4.45,0.14,0.05,0,4.4,0.14,0.01,1.94,600,900,9900
40,10/22/09,35.1667,145.5,8,65,24.4641,34.3563,23.02036702,0.82,67.89,0.09,6.66,0.17,2.76,0.06,4.31,13.19,0.94,19.67,1.41,7.15,0.23,2.82,0.09,4.33,0.14,2.76,1.88,4000,0,28800
40,10/22/09,35.1667,145.5,10,75,23.1684,34.5759,23.56789273,0.65,54.51,0.09,6.61,0.14,2.4,0.01,0.7,24.77,1.77,58,4.14,4,0.13,3.69,0.12,0.31,0.01,3.58,0.75,1700,1300,7200
41,10/22/09,35.1478,145.5,0,0,NA,NA,NA,NA,NA,NA,NA,NA,NA,NA,NA,NA,NA,NA,NA,NA,NA,NA,NA,NA,NA,NA,NA,100,1000,7200
41,10/22/09,35.1478,145.5,2,20,NA,NA,NA,0.94,78.28,0.1,6.99,0.21,3.42,0.02,1.23,16.69,1.19,64,4.57,9.25,0.3,3.69,0.12,5.56,0.18,3.62,2.31,1200,200,6300
41,10/22/09,35.1478,145.5,4,35,NA,NA,NA,0.96,79.57,0.1,6.9,0.46,7.71,0.01,0.87,11.46,0.82,73,5.21,10.15,0.33,4.38,0.14,5.77,0.19,4.33,6.94,0,1300,10800
41,10/22/09,35.1478,145.5,8,75,NA,NA,NA,0.92,76.79,0.1,6.8,0.68,11.3,0.02,1.66,18.94,1.35,53,3.79,11.35,0.37,6.99,0.23,4.36,0.14,6.9,10.04,1500,1400,1200
41,10/22/09,35.1478,145.5,10,100,NA,NA,NA,0.86,71.58,0.12,8.29,0.32,5.37,0.02,1.2,51.17,3.65,48,3.43,11.05,0.36,5.6,0.18,5.45,0.18,5.37,1.94,200,200,2400
